Strain;canSNP;Country;bams01;bams03;bams05;bams13;bams15;bams21;bams22;bams23;bams24;bams25;bams28;bams30;bams31;bams34;bams44;bams51;bams53;CG3;pXO1;pXO2;vntr12;vntr16;vntr17;vntr19;vntr23;vntr35;vrrA;vrrB1;vrrB2;vrrC1;vrrC2;
373;A.Br.011/009;Germany;13;30;0;74;46;9;13;10;9;4;14;72;53;7;8;9;8;1;0;6;6;8;4;5;4;3;4;17;14;56;15;
1370;A.Br.008/009;France;13;30;7;30;45;10;16;11;11;13;14;69;65;9;8;9;8;1;8;8;6;20;4;5;4;4;4;20;14;57;21;
3016;A.Br.008/011;Iran;13;30;7;30;46;9;13;10;9;4;14;74;64;9;8;9;8;2;0;6;6;8;4;5;4;3;4;17;14;56;19;
2000031008;A.Br.Vollum;USA;13;27;6;20;44;10;16;11;9;13;14;72;60;7;8;9;8;2;10;8;6;20;NA;5;4;4;4;20;14;48;21;
2000031021;C.Br.001;USA;22;24;5;23;48;10;20;12;9;13;14;56;99;7;8;9;8;2;1;4;5;24;6;5;2;5;5;23;15;29;21;
2000031023;A.Br.Vollum;USA;11;18;6;30;50;10;16;10;9;13;14;56;61;7;6;8;8;2;9;9;6;20;4;4;4;4;4;20;14;57;17;
2000031709;A.Br.Vollum;USA;13;27;6;20;49;10;15;11;9;13;14;68;64;7;8;9;8;2;10;8;6;20;NA;5;4;4;4;20;14;48;21;
2002013094;C.Br.001;USA;10;27;5;23;48;10;24;12;9;13;14;53;99;9;8;9;8;2;6;4;5;24;6;5;2;5;5;27;15;29;21;
1/069;NA;Italy;13;30;7;30;45;10;16;11;11;13;14;75;64;8;8;9;8;1;7;8;6;8;4;4;4;3;4;20;14;57;21;
14RA5914_Dobichau;A.Br.001/002;Germany;16;28;7;70;45;10;16;11;11;13;14;57;64;11;8;9;8;2;10;9;6;20;3;4;4;5;4;20;14;53;17;
17OD930;B.Br.CNEVA;Switzerland;14;27;6;27;42;10;15;9;10;13;14;14;84;9;8;6;6;2;9;6;5;23;3;5;3;5;3;19;13;53;17;
3154_BUL5;A.Br.008/011;Bulgaria;13;30;7;29;46;0;13;10;9;4;14;74;64;7;8;9;8;1;0;0;6;8;0;5;4;3;5;17;14;56;19;
3166_BUL17;A.Br.008/011;Bulgaria;13;30;7;30;46;9;13;10;9;4;14;74;56;7;8;9;8;1;9;6;6;8;3;5;4;3;5;17;14;56;19;
3180_BUL32;A.Br.008/011;Bulgaria;13;30;7;29;45;9;13;10;9;4;14;74;64;7;8;9;8;1;0;6;6;8;3;5;4;3;5;17;14;56;19;
3186_BUL38;A.Br.008/011;Bulgaria;13;30;7;30;46;9;13;10;9;4;14;75;64;7;8;9;8;1;6;6;6;8;3;5;4;3;5;17;14;56;19;
3187_BUL39;A.Br.008/011;Bulgaria;13;24;7;30;46;9;13;10;9;4;14;75;64;7;8;9;8;1;6;6;6;8;3;5;4;3;5;17;14;56;19;
319_02;A.Br.011/009;Spain;13;30;7;30;46;9;13;10;9;4;14;72;64;7;8;9;8;1;6;6;6;8;4;5;4;3;5;17;14;56;19;
342_02;A.Br.011/009;Spain;13;30;7;30;46;9;13;10;9;4;14;72;64;7;8;9;8;1;6;6;6;8;5;5;4;3;5;17;14;56;19;
4_IZSLT;A.Br.011/009;Italy;13;30;7;30;24;9;13;10;9;4;14;76;65;9;8;9;8;1;7;6;6;8;4;5;4;3;2;17;14;56;19;
52_G;A.Br.Aust94;Georgia;16;26;5;70;33;10;16;11;11;13;14;54;64;11;8;9;8;2;10;9;6;20;3;4;4;4;4;20;14;53;17;
52-40-NIAH;A.Br.001/002;unknown;10;28;7;44;45;10;12;11;11;13;14;39;64;11;8;6;8;2;8;10;6;20;4;4;4;5;4;20;14;53;17;
55VNIIVViM;A.Br.008/011;Russia;13;24;7;76;30;45;10;15;10;11;13;14;64;9;8;9;8;1;8;1;6;20;4;5;4;4;4;20;14;57;21;
81_1;A.Br.008/011;Russia;13;27;7;30;45;10;15;9;11;13;14;76;65;9;8;9;8;1;11;8;6;20;4;5;4;4;4;20;14;57;21;
8903_G;A.Br.Aust94;Georgia;16;32;5;50;33;10;16;11;11;13;14;57;64;11;8;9;8;2;10;9;6;20;3;4;4;4;4;20;14;53;17;
9080_G;A.Br.Aust94;Georgia;16;26;5;70;24;10;16;11;11;13;14;57;64;11;8;9;8;2;9;9;6;20;3;4;4;5;4;20;13;53;17;
ABr003_Scotland_BHY1;A.Br.Aust94;UK;26;24;7;36;44;9;15;12;9;13;14;57;64;9;8;9;8;2;8;10;6;20;3;4;4;4;4;20;14;65;17;
A0021;A.Br.005/006;Zambia;13;30;6;33;43;10;16;11;11;13;14;63;64;7;6;9;8;2;6;8;6;21;4;5;4;4;4;20;14;57;21;
A005;A.Br.008/009;Austria;13;30;7;30;46;10;14;9;11;13;14;78;64;9;8;9;8;1;10;8;6;20;4;5;4;4;3;20;14;57;21;
A006;A.Br.Aust94;Germany;16;30;7;73;46;10;16;11;11;13;14;57;39;9;8;6;8;2;NA;8;6;20;3;4;4;4;4;20;14;33;17;
A014;A.Br.001/002;Germany;16;28;7;73;46;10;16;11;11;13;14;57;64;11;8;9;8;2;NA;10;6;20;3;4;4;5;4;20;14;53;17;
A027;A.Br.008/009;Germany;13;30;7;28;46;10;16;11;11;13;14;72;64;9;8;9;8;1;8;8;6;20;4;5;4;4;4;20;14;57;21;
A030;A.Br.Aust94;Germany;8;30;7;73;46;10;16;11;11;13;14;53;56;8;8;9;8;2;10;17;6;20;3;4;4;4;4;20;14;57;17;
A031;A.Br.001/002;Germany;16;28;7;76;46;10;16;11;11;13;14;51;65;11;8;9;8;2;9;NA;6;12;NA;4;3;5;4;20;14;53;17;
A032;A.Br.001/002;Germany;16;28;6;76;46;10;16;11;11;13;14;51;65;11;8;9;8;2;9;7;6;NA;4;4;3;5;4;20;14;53;17;
A033;A.Br.008/009;Germany;13;30;8;30;46;10;16;11;11;12;14;78;64;9;8;9;8;2;10;8;6;20;4;5;4;4;4;16;14;57;21;
A035;A.Br.001/002;Germany;7;28;7;73;46;10;16;11;11;13;14;51;50;11;8;9;8;2;9;8;6;NA;4;4;3;5;4;12;14;53;17;
A038;A.Br.001/002;Germany;16;28;7;76;46;10;16;11;11;13;14;51;65;11;8;9;8;2;9;7;6;NA;4;4;3;5;4;20;14;53;17;
A039;A.Br.003/004;Germany;12;30;7;73;46;10;16;11;11;13;14;57;57;9;8;9;8;2;9;10;6;20;4;4;4;4;4;20;15;57;17;
A040;A.Br.001/002;Germany;7;28;7;76;46;10;16;11;11;13;14;51;50;11;8;9;8;2;11;8;5;NA;4;4;3;5;4;20;14;53;17;
A041;A.Br.001/002;Germany;16;28;6;76;46;10;16;11;11;13;10;51;65;11;8;9;8;2;9;7;6;NA;4;4;3;5;4;20;14;53;17;
A042;A.Br.001/002;Germany;16;28;7;76;46;10;16;11;11;13;14;51;61;11;8;9;8;2;9;7;6;NA;4;4;3;5;4;20;14;53;17;
A043;A.Br.008/009;Germany;13;30;7;28;46;10;16;11;11;13;14;51;61;9;8;9;8;1;8;8;6;20;4;5;4;4;4;20;14;57;17;
A044;A.Br.Aust94;Germany;16;30;7;73;46;9;16;11;11;13;14;57;64;9;8;9;8;2;8;10;6;20;3;4;4;4;4;20;14;57;17;
A0442;B.Br.Kruger;SouthAfrica;11;27;6;28;45;10;13;10;11;13;13;6;65;1;8;6;6;2;6;9;5;24;3;5;3;3;3;23;15;53;17;
A046;B.Br.CNEVA;Germany;14;27;6;27;43;10;11;10;11;13;14;16;90;13;8;6;6;2;NA;7;5;22;3;5;3;5;3;19;12;53;17;
A0465;B.Br.CNEVA;France;14;27;6;27;42;10;15;10;11;13;14;17;84;9;8;8;6;2;9;7;5;23;3;5;3;6;3;19;14;53;17;
A0488;A.Br.Vollum;UK;13;30;7;20;44;10;16;11;11;13;14;71;64;9;6;9;8;2;10;8;6;20;12;5;2;4;2;20;13;48;21;
A059;A.Br.Vollum;Germany;13;30;7;23;46;10;16;11;11;13;14;68;64;9;8;9;8;2;10;10;7;20;453;5;4;4;4;20;14;48;21;
A065;A.Br.001/002;Germany;16;28;7;76;46;9;16;11;11;13;14;51;65;11;8;9;8;2;9;8;6;NA;4;4;3;5;4;20;14;53;17;
A067;A.Br.Vollum;Pakistan;13;30;7;23;46;10;16;11;11;13;14;71;64;9;8;9;8;2;10;10;6;20;453;5;4;4;4;20;14;48;21;
A072;A.Br.001/002;Namibia;11;26;6;28;44;10;13;10;11;13;13;6;63;1;8;6;6;2;6;9;5;24;3;5;3;3;3;23;15;53;17;
A082;A.Br.Aust94;Germany;8;30;7;73;45;10;16;11;11;13;14;57;56;8;8;9;8;2;10;20;6;20;3;4;4;4;4;20;14;57;17;
A084;A.Br.Aust94;Germany;16;30;7;73;46;9;16;11;11;13;14;57;64;9;8;9;8;2;8;12;6;20;3;4;4;4;4;20;14;57;17;
A085;A.Br.Vollum;Germany;16;30;7;20;45;10;16;11;11;13;14;71;64;9;8;9;8;2;10;11;6;20;453;5;4;4;4;20;13;48;21;
A086;A.Br.001/002;Germany;16;28;7;76;46;10;16;11;11;13;14;51;61;11;8;9;8;2;9;7;6;20;4;4;3;5;4;20;14;53;17;
A088;A.Br.001/002;Germany;16;28;7;75;46;10;10;11;11;13;14;54;64;11;8;7;8;2;NA;11;6;NA;4;4;4;5;3;20;14;53;17;
A089;A.Br.Aust94;Austria;16;30;7;73;46;10;16;11;11;13;14;57;64;9;8;9;8;2;8;10;6;20;3;4;4;4;4;20;14;57;17;
A091_Pollino;A.Br.011/009;Italy;13;30;7;30;46;9;13;10;9;4;14;75;64;7;8;9;8;1;6;7;6;8;4;5;4;3;4;20;14;57;19;
A092;A.Br.Aust94;Germany;16;30;7;72;46;10;16;11;11;13;14;57;64;9;8;9;8;2;9;10;6;20;3;4;4;4;4;20;14;57;17;
A1039;A.Br.003/004;Bolivia;12;30;7;30;45;10;16;11;11;13;14;57;57;9;8;9;8;2;9;8;6;20;3;4;4;4;4;20;14;57;17;
A1055;C.Br.001;USA;22;33;7;23;48;10;24;11;11;13;14;71;99;11;8;9;8;2;9;5;5;NA;3;5;2;5;5;27;15;29;21;
A1075;A.Br.003/004;Chile;12;30;7;30;45;10;16;11;11;13;14;57;57;9;8;9;8;2;9;9;6;20;3;4;4;4;4;20;14;57;17;
A1144;A.Br.011/009;Argentina;13;30;1;30;45;10;16;11;11;13;14;75;64;11;8;9;8;1;8;7;6;20;4;5;4;4;4;20;14;57;21;
A131;B.Br.CNEVA;Germany;14;27;6;27;43;10;15;10;11;13;14;16;84;13;8;6;6;2;6;7;5;22;3;5;4;5;3;19;14;53;17;
A133;B.Br.CNEVA;Germany;14;21;6;8;43;10;15;10;11;13;14;16;84;13;8;6;6;2;9;7;5;23;3;5;3;5;3;19;14;53;17;
A138;A.Br.001/002;Germany;13;30;7;71;44;10;16;11;11;13;14;57;63;11;8;9;8;2;9;10;6;20;4;4;4;5;4;20;14;57;17;
A140;A.Br.001/002;Germany;16;28;7;72;46;10;10;11;11;13;14;57;64;11;8;9;8;2;9;10;6;NA;4;4;4;5;4;20;14;53;17;
A141;A.Br.001/002;Germany;16;28;6;73;46;10;16;11;11;13;14;57;64;11;8;9;8;2;9;10;6;20;3;4;4;5;3;20;14;53;17;
A142;A.Br.003/004;Germany;12;24;7;74;46;10;16;11;11;13;14;57;56;9;8;9;8;2;9;9;6;20;4;4;4;4;5;20;14;57;17;
A145;A.Br.Aust94;Germany;16;30;7;73;46;10;16;5;11;13;14;57;39;9;8;6;8;2;NA;9;6;20;3;4;4;4;4;20;14;33;17;
A146;A.Br.001/002;Germany;16;28;7;73;46;10;16;11;11;13;14;57;64;11;8;9;8;2;9;10;6;20;3;4;4;5;4;20;14;53;17;
A147;A.Br.WNA;Germany;13;30;7;30;44;10;16;11;10;13;14;75;64;9;12;9;8;1;NA;NA;6;12;NA;5;4;4;4;20;14;57;21;
A149;A.Br.001/002;Germany;16;28;7;73;46;10;16;11;11;13;14;48;64;11;8;9;8;2;8;10;6;20;3;4;4;5;4;20;14;53;17;
A152;A.Br.001/002;Germany;16;28;7;73;46;10;16;11;11;13;14;57;64;11;8;9;8;2;9;9;6;20;3;4;4;5;4;20;14;53;17;
A155;A.Br.003/004;Germany;12;30;7;73;46;10;16;11;11;13;14;57;57;9;8;9;8;2;8;10;6;20;5;4;4;4;4;20;14;57;17;
A156;A.Br.Vollum;Tadshikistan;13;30;6;23;47;10;16;11;11;13;14;71;64;9;8;9;8;2;8;8;6;20;4;5;4;4;4;20;14;48;21;
A158;A.Br.Vollum;Tadshikistan;13;30;6;23;47;10;16;11;11;13;14;71;64;9;8;9;8;2;8;8;6;20;4;5;4;4;3;20;14;48;21;
A159;A.Br.005/006;Germany;11;30;6;31;45;10;16;11;11;13;13;75;15;11;6;9;8;2;7;8;6;21;4;5;4;4;5;20;15;57;21;
A16;A.Br.001/002;China;16;28;7;66;45;10;16;11;11;13;14;57;64;11;8;9;8;2;8;9;6;20;4;4;4;5;4;20;14;53;17;
A16/LA896;B.Br.CNEVA;Switzerland;14;27;6;27;42;10;15;10;10;13;14;14;84;9;8;6;6;2;9;6;5;23;3;5;3;5;3;19;14;53;17;
A163;A.Br.001/002;Germany;7;28;7;76;46;10;16;11;11;13;14;51;50;11;8;9;8;2;9;8;6;NA;4;4;3;5;4;20;14;53;17;
A166;A.Br.011/009;France;13;28;7;30;24;10;16;11;11;13;14;75;65;9;8;9;8;1;8;8;6;20;4;5;4;4;3;20;14;57;21;
A167;B.Br.CNEVA;France;14;27;6;27;43;10;13;10;11;13;14;16;84;13;8;6;6;2;9;7;5;22;3;5;3;5;3;19;14;53;17;
A168;A.Br.011/009;France;13;27;7;8;46;10;16;11;11;13;14;75;64;9;8;9;8;1;8;8;6;20;4;5;4;4;4;20;14;57;21;
A169;A.Br.011/009;France;13;30;7;30;44;10;16;11;11;13;14;75;64;9;8;9;8;1;8;8;6;20;4;5;4;4;4;20;14;57;21;
A16R;A.Br.001/002;China;16;28;7;72;45;10;16;11;11;13;14;57;64;11;8;9;8;2;7;1;6;1;1;4;4;5;4;20;14;53;17;
A170;B.Br.CNEVA;France;14;27;6;27;43;10;15;10;11;13;14;16;84;9;8;8;6;2;9;8;5;23;3;5;3;6;3;19;14;53;17;
A171;A.Br.011/009;France;13;30;7;30;46;10;16;11;11;13;14;72;64;9;8;9;8;1;7;8;6;20;4;5;4;4;4;20;14;57;21;
A172;A.Br.003/004;Argentina;12;30;7;30;46;10;16;11;11;13;14;57;57;9;8;5;8;2;9;10;6;20;5;4;4;4;4;20;14;57;17;
A173;B.Br.CNEVA;France;14;27;6;27;43;10;15;10;11;13;14;16;84;11;8;6;6;2;9;7;5;24;3;5;3;5;3;19;14;53;17;
A174;B.Br.CNEVA;France;14;27;7;27;43;10;13;10;11;13;14;16;84;13;8;6;6;2;9;7;5;22;3;5;3;5;3;19;14;53;17;
A175b;A.Br.003/004;France;12;30;6;73;46;10;16;11;9;13;14;57;57;9;8;9;8;2;9;10;6;20;4;4;4;4;4;20;14;57;17;
A176;A.Br.001/002;France;16;28;7;76;46;10;16;11;11;13;14;51;65;11;8;9;8;2;10;8;6;NA;4;4;3;5;2;20;14;53;17;
A178;A.Br.011/009;France;13;30;7;30;46;10;16;11;11;13;14;51;64;9;8;9;8;1;8;8;6;20;4;5;4;4;4;20;14;57;21;
A179;A.Br.011/009;France;13;30;6;30;46;10;16;11;11;13;14;75;64;9;8;9;8;1;8;8;6;20;4;5;4;4;4;20;14;57;21;
A180;B.Br.CNEVA;France;14;27;6;27;43;10;13;10;11;13;14;16;84;13;8;6;6;2;9;7;5;23;3;5;3;5;3;19;14;53;17;
A181;B.Br.CNEVA;France;14;27;6;27;43;10;15;10;11;13;14;16;84;13;6;6;6;2;9;7;5;23;3;5;3;5;3;19;14;53;17;
A182;A.Br.011/009;France;13;30;7;30;46;10;16;11;11;13;14;75;64;9;8;9;8;1;8;8;6;20;4;5;4;4;4;20;14;57;21;
A183;B.Br.CNEVA;France;14;27;6;27;43;10;15;10;11;13;14;16;84;13;8;6;6;2;9;7;5;23;3;5;3;5;3;19;14;53;17;
A186;A.Br.008/011;France;13;30;7;17;46;10;16;11;12;13;14;75;64;9;8;9;8;1;8;8;6;20;4;5;4;4;4;20;14;57;21;
A187;B.Br.CNEVA;Germany;15;27;6;27;43;10;15;10;11;13;14;16;84;13;8;6;6;2;9;7;5;22;3;5;3;5;3;19;14;53;17;
A190;A.Br.001/002;France;16;28;7;66;46;10;16;11;11;13;14;31;59;11;8;9;8;2;9;9;6;20;3;4;4;5;4;20;14;53;17;
A191;B.Br.CNEVA;France;14;27;6;27;43;10;15;10;11;13;14;16;84;9;8;8;6;2;9;NA;5;12;NA;5;3;6;3;19;14;53;17;
A193a;A.Br.011/009;France;13;30;7;18;46;10;16;11;11;13;14;75;64;9;8;9;8;1;8;8;6;20;4;5;4;4;4;20;14;57;21;
A193b;B.Br.CNEVA;France;14;27;6;27;43;10;15;10;11;13;14;16;84;9;8;8;6;2;NA;NA;5;12;NA;5;3;6;3;19;14;53;17;
A199;A.Br.008/009;Germany;13;30;5;30;46;10;16;11;11;12;14;75;64;9;8;9;8;2;10;8;6;20;4;5;4;4;4;20;14;57;21;
A2012;A.Br.Ames;USA;16;26;5;70;24;7;16;11;11;13;14;57;64;11;8;9;8;2;7;9;6;20;4;4;4;5;4;20;13;53;17;
A202;A.Br.001/002;Germany;16;28;7;73;46;10;16;11;11;13;14;57;64;11;8;9;8;2;10;10;6;20;3;4;4;5;4;20;14;53;17;
A24/TN_Bovine_Sokol;B.Br.CNEVA;Slovakia;14;27;6;27;41;10;15;10;11;13;14;17;85;9;8;6;6;2;9;6;5;22;3;5;3;5;3;19;14;53;17;
A46;B.Br.CNEVA;Germany;14;27;6;27;42;10;11;10;11;13;14;17;90;9;8;6;6;2;1;7;5;22;3;5;3;5;3;19;12;53;17;
AF001;A.Br.Aust94;Namibia;16;30;7;73;46;10;16;11;11;13;14;57;59;9;8;9;8;2;8;10;6;20;3;4;4;4;4;20;14;57;17;
AF002;A.Br.001/002;Namibia;16;28;7;76;46;10;16;11;11;13;14;51;65;11;8;9;8;2;9;NA;6;12;NA;4;3;5;4;20;14;53;17;
AF003;A.Br.Aust94;Namibia;8;30;3;41;45;10;16;11;11;13;14;57;56;8;8;9;8;2;10;12;6;20;3;4;4;4;4;20;14;57;17;
AF004;A.Br.Aust94;Namibia;8;30;3;45;45;10;16;11;11;13;14;57;64;8;8;9;8;2;10;10;6;20;3;4;4;4;4;20;14;57;17;
AF005;A.Br.Aust94;Namibia;16;30;7;73;44;10;13;11;11;13;14;57;64;9;8;9;8;2;8;10;6;20;3;4;3;4;4;16;14;57;17;
AF008;A.Br.005/006;Namibia;10;18;6;33;44;10;15;11;11;13;14;69;64;9;2;9;8;2;7;7;6;21;4;5;4;4;4;20;14;57;17;
AF010;A.Br.Aust94;Namibia;8;30;3;45;45;10;16;11;11;13;14;57;64;8;8;9;8;2;10;12;6;20;3;4;4;4;4;20;14;57;17;
AF012;A.Br.Aust94;Namibia;8;30;3;45;45;10;16;11;11;13;14;57;64;8;8;9;8;2;10;11;6;20;3;4;4;4;4;20;14;57;17;
AF015;A.Br.Aust94;Namibia;8;30;3;45;45;10;16;11;11;13;14;57;64;8;8;9;8;2;10;9;6;20;3;4;4;4;4;20;14;57;17;
AF017;A.Br.Aust94;Namibia;16;30;7;73;46;9;16;11;11;13;14;57;59;9;8;9;8;2;8;10;6;20;3;4;4;4;4;20;14;57;17;
AF026;A.Br.Aust94;Namibia;8;30;3;42;45;10;16;11;11;13;14;57;64;8;8;9;8;2;10;9;6;20;3;4;4;4;4;16;14;57;17;
AF028;A.Br.Aust94;Namibia;8;30;3;45;45;10;16;11;11;13;14;57;56;8;8;9;8;2;10;12;6;20;3;4;4;4;4;20;14;57;17;
AF039;A.Br.001/002;Namibia;11;27;6;28;46;10;13;10;11;13;13;6;64;8;8;6;6;2;7;9;5;24;3;5;3;3;3;23;15;53;17;
AF068;A.Br.Aust94;Namibia;8;30;3;45;45;10;16;11;11;13;14;57;56;8;8;9;8;2;10;9;6;20;3;4;4;4;4;20;14;57;17;
AF073;A.Br.Aust94;Namibia;8;30;3;45;45;10;16;11;11;13;14;57;56;8;8;9;8;2;9;9;6;20;3;4;4;4;4;20;14;57;17;
AF077;A.Br.Aust94;Namibia;16;30;5;70;46;10;16;11;11;13;14;48;59;9;8;9;8;2;10;13;6;20;3;4;5;4;4;20;14;57;17;
AF087;A.Br.Aust94;Namibia;8;30;3;45;45;10;16;11;11;13;14;57;56;8;8;9;8;2;9;10;6;20;3;4;4;4;4;20;14;57;17;
AF096;A.Br.Aust94;Namibia;8;30;3;45;45;10;16;11;11;13;14;57;56;8;8;9;8;2;10;10;6;20;3;4;4;4;4;20;14;57;17;
AF1;NA;Namibia;16;30;7;73;45;10;16;11;11;13;14;57;59;9;8;9;8;2;8;10;6;20;3;4;4;4;4;20;14;57;17;
AF10;NA;Namibia;8;30;3;45;44;10;16;11;11;13;14;57;64;8;8;9;8;2;10;11;6;20;3;4;4;4;4;20;14;57;17;
AF103;A.Br.Aust94;Namibia;8;30;3;44;45;10;16;11;11;13;14;57;56;8;8;9;8;2;10;9;6;20;3;4;4;4;4;20;14;57;17;
AF108;A.Br.Aust94;Namibia;8;30;3;45;45;10;16;11;11;13;14;57;56;8;8;9;8;2;10;10;6;20;3;4;4;4;4;16;14;57;17;
AF11;NA;Namibia;8;30;3;45;44;10;16;11;11;13;14;57;64;8;8;9;8;2;10;9;6;20;3;4;4;4;4;20;14;57;17;
AF119;A.Br.Aust94;Namibia;8;30;3;45;45;10;16;11;11;13;14;54;56;8;8;9;8;2;10;9;6;20;3;4;4;4;4;20;14;57;17;
AF123;A.Br.Aust94;Namibia;8;30;3;45;45;10;16;11;11;13;14;57;56;8;8;9;8;2;10;14;6;20;3;4;4;4;4;20;14;57;17;
AF125;A.Br.Aust94;Namibia;8;30;3;45;45;10;15;11;11;13;14;69;56;8;8;9;8;2;10;9;6;20;3;4;4;4;4;20;14;57;17;
AF129;A.Br.005/006;Namibia;10;18;6;33;44;10;16;11;11;13;14;57;64;9;2;9;8;2;7;7;6;21;4;5;4;4;4;20;14;57;17;
AF13;A.Br.005/006;Namibia;10;18;6;33;43;10;15;11;11;13;14;69;64;9;2;9;8;2;7;7;6;21;4;5;4;4;4;20;14;57;17;
AF148;A.Br.Aust94;Namibia;16;30;7;73;44;9;13;11;11;13;14;57;64;9;8;9;8;2;8;10;6;20;3;4;3;4;4;16;14;57;17;
AF17;NA;Namibia;16;30;7;73;45;9;16;11;11;13;14;57;59;9;8;9;8;2;8;10;6;20;3;4;4;4;4;20;14;57;17;
AF175;A.Br.Aust94;Namibia;8;30;3;45;45;10;16;11;11;13;14;57;56;8;8;9;8;2;10;11;6;20;3;4;4;4;4;20;14;57;17;
AF182;A.Br.Aust94;Namibia;8;30;3;45;45;10;16;11;11;13;14;57;56;8;8;9;8;2;10;9;6;20;3;4;4;4;4;20;14;49;17;
AF2;NA;Namibia;16;28;7;76;45;10;16;11;11;13;14;51;65;11;8;9;8;2;9;NA;6;NA;NA;4;3;5;4;20;14;53;17;
AF21;NA;Namibia;8;30;3;45;44;10;16;11;11;13;14;57;64;8;8;9;8;2;10;12;6;20;3;4;4;4;4;20;14;57;17;
AF254;A.Br.Aust94;Namibia;8;30;3;45;45;10;16;11;11;13;14;60;56;8;8;9;8;2;10;9;6;20;3;4;4;4;4;20;14;57;17;
AF256;A.Br.008/009;Namibia;13;30;7;30;46;10;14;9;11;13;14;75;59;9;8;9;8;1;10;7;7;20;4;5;4;4;4;20;14;57;21;
AF26;NA;Namibia;8;30;3;42;44;10;16;11;11;13;14;57;64;8;8;9;8;2;10;9;6;20;3;4;4;4;4;16;14;57;17;
AF28;NA;Namibia;8;30;3;45;44;10;16;10;11;13;14;57;56;8;7;9;8;2;11;12;6;20;3;4;4;4;4;20;14;57;17;
AF293;A.Br.Aust94;Namibia;8;30;3;43;45;10;16;11;11;13;14;57;56;8;8;9;8;2;10;12;6;20;3;4;4;4;4;20;14;57;17;
AF3;NA;Namibia;8;30;3;41;44;10;16;10;11;13;14;57;56;8;7;9;8;2;11;12;6;20;3;4;4;4;4;20;14;57;17;
AF30;NA;Namibia;8;30;3;45;44;10;16;11;11;13;14;57;64;8;8;9;8;2;10;10;6;20;3;4;4;4;4;20;14;57;17;
AF309;A.Br.Aust94;Namibia;8;30;3;45;45;10;14;11;11;13;14;60;56;8;8;9;8;2;10;9;6;20;3;4;4;4;4;20;14;57;17;
AF343;A.Br.Aust94;Namibia;8;30;3;45;45;10;16;11;11;13;14;57;56;8;8;9;8;2;10;13;6;20;3;4;4;4;4;20;14;57;17;
AF345;A.Br.Aust94;Namibia;8;30;3;45;45;10;16;11;11;13;14;54;56;8;8;9;8;2;8;8;6;20;3;4;4;4;2;20;14;57;17;
AF348;A.Br.Aust94;Namibia;16;30;7;73;44;9;13;11;11;13;14;57;63;9;8;9;8;2;8;10;6;20;3;4;3;4;4;16;14;57;17;
AF355;A.Br.Aust94;Namibia;8;30;3;38;45;10;16;11;11;13;14;57;56;8;8;9;8;2;10;9;6;20;3;4;4;4;4;20;14;57;17;
AF401;A.Br.Aust94;Namibia;8;30;3;45;45;10;16;11;11;13;14;57;56;8;8;9;8;2;10;9;6;20;3;4;4;4;5;20;14;57;17;
AF46;NA;Namibia;8;30;3;45;44;10;16;11;11;13;14;53;64;8;8;9;8;2;10;9;6;20;3;4;4;4;4;20;14;57;17;
AF471;NA;Namibia;8;30;3;45;45;10;16;11;11;13;14;57;56;8;8;9;8;2;10;9;6;20;3;4;4;4;4;20;12;57;17;
AF5;NA;Namibia;16;30;7;73;43;10;13;10;11;13;14;57;64;9;7;9;8;2;9;10;6;20;3;4;3;4;4;16;14;57;17;
AF508;NA;Namibia;8;30;3;45;45;10;16;11;11;13;14;57;56;8;8;9;8;2;13;9;6;20;3;4;4;4;4;20;14;57;17;
AF510;A.Br.008/009;Namibia;13;30;7;30;46;10;14;9;11;13;14;75;63;9;8;9;8;1;9;7;6;20;4;5;4;4;5;20;14;57;21;
AF547;NA;Namibia;8;30;3;45;45;10;16;11;11;13;14;57;41;8;8;9;8;2;10;9;6;20;3;4;4;4;4;20;14;57;17;
AF550;NA;Namibia;8;9;3;45;45;10;16;11;11;13;14;57;56;8;8;9;8;2;10;12;6;20;3;4;4;4;4;20;14;57;17;
AF559;A.Br.Aust94;Namibia;8;30;3;45;45;10;16;11;11;13;14;57;56;8;8;9;8;2;10;9;6;20;3;4;4;4;4;20;14;57;14;
AF592;NA;Namibia;8;30;3;45;45;10;16;11;11;13;14;57;41;8;8;9;8;2;15;9;6;20;3;4;4;4;4;20;14;57;17;
AF614;A.Br.Aust94;Namibia;8;30;3;45;45;10;16;11;11;13;14;57;56;8;8;9;8;2;10;6;6;20;3;4;4;4;4;20;14;57;17;
AF615;A.Br.Aust94;Namibia;16;28;7;76;46;10;14;11;11;13;14;51;65;11;8;9;8;2;9;NA;6;12;NA;4;3;5;4;20;14;53;17;
AF73;NA;Namibia;8;30;3;45;44;10;16;10;11;13;14;57;56;8;7;9;8;2;10;9;6;20;3;4;4;4;4;20;14;57;17;
AF77;NA;Namibia;16;30;5;70;45;10;16;11;11;13;14;48;59;9;8;9;8;2;10;13;6;20;3;4;5;4;4;20;14;57;17;
AF87;NA;Namibia;8;30;3;45;44;10;16;10;11;13;14;57;56;8;7;9;8;2;10;10;6;20;3;4;4;4;4;20;14;57;17;
Ames;A.Br.Ames;USA;16;26;5;70;24;10;16;11;11;13;14;57;64;11;8;9;8;2;7;10;6;20;4;4;4;5;4;20;13;53;17;
Ames_plasmidless;A.Br.Ames;USA;16;26;5;70;24;10;16;11;11;13;14;57;64;11;8;9;8;2;1;1;6;1;1;4;4;5;4;20;13;53;17;
AmesAncestor;A.Br.Ames;USA;16;26;5;70;24;10;16;11;11;13;14;57;64;11;8;9;8;2;7;9;6;20;4;4;4;5;4;20;13;53;17;
ANSES_00_82;B.Br.CNEVA;France;14;27;6;27;42;10;13;10;10;13;14;17;84;8;8;6;6;2;9;6;5;22;3;5;3;5;3;19;14;53;17;
ANSES_017;B.Br.CNEVA;France;14;27;6;27;42;10;13;10;11;13;14;17;84;13;8;6;6;2;9;7;5;23;3;5;3;5;3;19;14;53;17;
ANSES_030;A.Br.008/009;France;13;30;7;31;45;10;16;11;11;13;14;72;65;9;8;9;8;1;8;8;6;20;4;5;4;4;3;20;14;57;21;
ANSES_031;B.Br.CNEVA;France;14;18;6;27;20;10;15;9;8;13;14;17;84;7;8;6;6;2;9;6;5;23;3;5;3;5;3;19;14;53;17;
ANSES_032;A.Br.008/009;France;13;30;7;31;45;10;16;11;11;13;14;75;64;9;8;9;8;1;8;8;6;20;4;5;4;4;4;20;14;57;21;
ANSES_033;B.Br.CNEVA;France;14;18;6;27;20;10;15;10;8;13;14;17;69;7;6;6;6;2;9;6;5;23;3;5;3;5;3;19;14;53;17;
ANSES_034;A.Br.008/009;France;13;30;7;27;45;10;16;11;11;13;14;72;65;9;8;9;8;1;8;8;6;20;4;5;4;4;3;20;14;57;21;
ANSES_041;B.Br.CNEVA;France;14;18;6;27;20;10;13;10;8;13;14;17;69;7;8;6;6;2;9;6;5;22;3;5;3;5;3;19;14;53;17;
ANSES_051;B.Br.CNEVA;France;14;27;6;27;42;10;15;10;11;13;14;17;84;11;8;6;6;2;9;7;5;24;3;5;3;5;3;19;14;53;17;
ANSES_052;A.Br.001/002;France;16;28;7;27;45;10;16;11;11;13;14;53;59;9;8;9;8;2;7;12;6;20;3;4;3;5;4;20;14;53;17;
ANSES_054;A.Br.001/002;France;16;28;7;27;45;10;16;11;11;13;14;31;59;11;8;9;8;2;9;9;6;20;3;4;4;5;4;20;14;53;17;
ANSES_056;A.Br.008/009;France;13;30;6;30;45;10;16;11;11;13;14;78;64;9;8;9;8;1;8;8;6;20;4;5;4;4;4;20;14;57;21;
ANSES_059;A.Br.008/009;France;13;30;7;31;45;10;16;11;11;13;14;72;64;9;8;9;8;1;8;8;6;20;4;5;4;4;4;20;14;57;21;
ANSES_060;A.Br.008/009;France;13;30;7;31;45;10;16;11;11;13;14;69;64;9;8;9;8;1;8;8;6;20;4;5;4;4;4;20;14;57;21;
ANSES_061;A.Br.008/009;France;13;30;7;30;45;10;16;11;11;13;14;72;64;9;8;9;8;1;8;8;6;20;4;5;4;4;4;20;14;57;21;
ANSES_063;B.Br.CNEVA;France;14;18;6;27;20;10;15;10;8;13;14;17;70;7;8;6;6;2;9;6;5;23;3;5;3;5;3;19;14;53;17;
ANSES_08_20;A.Br.001/002;France;16;28;7;76;42;10;16;11;11;13;14;51;65;11;8;9;8;2;10;8;6;4;4;4;3;5;2;20;14;53;17;
ANSES_08_29;A.Br.001/002;France;16;28;7;76;45;10;16;11;11;13;14;51;65;11;8;9;8;2;10;8;6;4;4;4;3;5;2;20;14;53;17;
ANSES_086;A.Br.008/009;France;13;30;8;31;45;10;16;11;11;13;14;78;64;9;8;9;8;1;8;8;6;20;4;5;4;4;4;20;14;57;21;
ANSES_088;A.Br.008/009;France;13;30;7;31;45;10;16;11;11;13;14;75;64;9;8;9;8;1;5;8;6;20;5;5;4;4;4;20;14;57;21;
ANSES_089;A.Br.008/009;France;13;28;7;31;37;10;16;11;11;13;14;78;65;9;8;9;8;1;8;8;6;20;4;5;4;4;3;20;14;57;21;
ANSES_09_15;A.Br.008/009;France;13;30;7;31;45;10;16;11;11;13;14;78;64;9;8;9;8;1;8;8;6;20;4;5;4;4;4;20;14;57;21;
ANSES_09-46;B.Br.CNEVA;France;13;18;6;27;20;10;11;10;8;13;14;17;84;7;8;6;6;2;9;6;5;22;3;5;3;5;3;19;14;53;17;
ANSES_090;A.Br.008/009;France;13;30;7;31;45;10;16;11;11;13;14;75;64;9;8;9;8;1;7;8;6;20;4;5;4;4;4;20;14;57;21;
ANSES_091;A.Br.005/006;Cameroon;13;21;6;23;43;10;11;11;8;13;14;60;64;9;6;9;8;2;6;6;6;22;4;5;4;4;2;20;15;57;21;
ANSES_092;A.Br.008/009;France;13;30;6;31;37;10;16;11;11;13;14;78;65;9;8;9;8;1;6;8;6;20;4;5;4;4;4;20;14;57;21;
ANSES_095;A.Br.008/009;France;13;30;7;31;41;10;16;11;11;13;14;75;64;9;8;9;8;1;8;8;6;20;4;5;4;4;4;20;14;57;21;
ANSES_100;A.Br.011/009;France;13;NA;7;30;24;10;14;11;8;13;14;NA;65;7;8;8;8;1;8;7;6;20;4;5;4;4;4;20;14;57;21;
ANSES_102;A.Br.008/009;France;13;30;5;31;45;10;16;11;11;13;14;75;64;9;8;9;8;1;8;8;6;20;4;5;4;4;4;16;14;57;21;
ANSES_104;A.Br.008/009;France;13;28;7;31;36;10;16;11;11;13;14;75;65;9;8;9;8;1;8;8;6;20;4;5;4;4;4;20;14;57;21;
ANSES_118;A.Br.008/009;France;13;30;7;30;45;10;16;11;11;13;14;75;64;9;8;9;8;1;NA;8;6;20;4;5;4;4;4;20;14;57;21;
ANSES_119;B.Br.CNEVA;France;14;17;6;27;20;10;14;10;8;13;14;17;64;7;8;6;6;2;9;7;5;23;3;5;3;6;3;19;14;53;17;
ANSES_121;B.Br.CNEVA;France;14;27;6;27;42;10;15;10;11;13;14;17;84;13;8;6;6;2;9;7;5;23;3;5;3;5;3;19;14;53;17;
ANSES_122;A.Br.008/009;France;13;30;7;20;45;10;16;11;11;13;14;77;64;9;8;9;8;1;8;8;6;20;4;5;4;4;4;20;14;57;21;
ANSES_123;B.Br.CNEVA;France;14;26;6;27;42;10;15;10;11;13;14;17;64;9;8;8;6;2;9;8;5;23;3;5;3;6;3;19;14;53;17;
ANSES_124;A.Br.008/009;France;13;30;7;31;45;10;16;11;11;13;14;78;65;9;8;9;8;1;8;8;6;20;4;5;4;4;4;20;14;57;21;
ANSES_126;B.Br.CNEVA;France;14;27;6;27;42;10;15;10;11;13;14;17;84;9;8;8;6;2;9;8;5;23;3;5;3;6;3;19;14;53;17;
ANSES_136;A.Br.008/009;France;13;30;7;31;45;10;16;11;11;13;14;70;65;9;8;9;8;1;8;8;6;20;4;5;4;4;4;20;14;57;21;
ANSES_139;B.Br.CNEVA;France;14;27;6;27;42;10;15;10;11;13;14;17;85;13;8;6;6;2;9;7;5;23;3;5;3;5;3;19;14;53;17;
ANSES_140;B.Br.CNEVA;France;14;27;6;27;42;10;13;10;11;13;14;17;84;13;8;6;6;2;9;7;5;22;3;5;3;5;3;19;14;53;17;
ANSES_144;A.Br.008/009;France;13;28;7;31;36;10;16;11;11;13;14;78;65;9;8;9;8;1;8;8;6;20;4;5;4;4;4;20;14;57;21;
ANSES_90;A.Br.005/006;France;10;27;6;23;45;10;17;9;0;13;14;0;64;7;7;8;8;1;7;7;6;20;4;5;4;4;4;20;14;90;25;
ANSES_Sterne;A.Br.011/009;vaccine;16;28;7;76;45;10;16;11;11;13;14;53;65;11;8;9;8;2;9;NA;6;NA;NA;4;3;5;4;20;14;53;17;
ASC58;A.Br.Aust94;Namibia;8;30;3;45;44;10;16;10;11;13;14;57;56;8;7;9;8;2;11;9;6;20;3;4;4;4;4;20;14;57;17;
ASC74;A.Br.Aust94;Namibia;8;30;3;44;44;10;16;11;11;13;14;57;56;8;8;9;8;2;10;9;6;20;3;4;4;4;4;20;14;57;17;
ASC75;A.Br.Aust94;Namibia;8;30;3;45;44;10;16;10;11;13;14;57;56;8;7;9;8;2;11;10;6;20;3;4;4;4;4;20;14;57;17;
ASC77;A.Br.Aust94;Namibia;8;30;3;45;44;10;16;10;11;13;14;60;56;8;7;9;8;2;11;9;6;20;3;4;4;4;4;20;14;57;17;
Australia94;A.Br.Aust94;Australia;16;30;7;73;45;10;13;11;11;13;14;54;64;9;8;9;8;2;8;8;6;20;3;4;3;4;4;16;14;57;17;
B_a_3Ya;A.Br.008/009;Russia;13;24;7;30;45;10;13;9;11;13;14;66;64;9;8;9;8;1;10;10;6;20;4;4;5;4;5;20;14;57;21;
BA_C10_CHER;A.Br.008/009;Ukraine;13;30;7;30;45;10;14;9;11;13;14;75;64;9;8;9;8;1;7;9;6;20;5;4;5;4;4;20;14;57;21;
BA_D12_MEL;A.Br.008/009;Ukraine;13;30;7;27;45;10;14;9;11;13;14;66;64;9;8;9;8;1;7;10;6;20;4;4;5;4;5;20;14;57;21;
BA_S12_SU;A.Br.008/009;Ukraine;13;30;6;30;45;10;14;9;11;13;14;84;64;9;8;9;8;1;7;9;6;20;4;4;5;4;5;16;14;57;21;
Ba0002;A.Br.011/009;Italy;13;30;7;30;45;10;16;11;11;13;13;75;64;9;8;9;8;1;7;11;6;20;4;4;4;4;4;20;14;57;21;
Ba0003;A.Br.011/009;Italy;13;30;7;30;24;10;16;11;11;13;14;75;64;9;8;9;8;1;7;8;6;20;4;5;4;4;4;20;14;57;21;
Ba0004;A.Br.011/009;Italy;13;30;7;30;45;10;16;11;11;13;14;75;64;9;8;8;8;1;7;8;6;20;4;5;4;4;4;20;13;57;21;
Ba0005;A.Br.011/009;Italy;13;30;7;30;24;10;16;11;11;13;14;75;64;9;8;9;8;1;8;8;6;21;5;5;4;5;4;20;14;57;21;
Ba0007;A.Br.008/011;Italy;13;30;7;30;45;10;16;11;10;13;14;75;56;9;6;9;8;1;7;8;6;20;4;5;4;4;2;20;14;57;21;
Ba0008;A.Br.008/011;Italy;13;30;7;30;45;10;16;11;10;13;14;75;64;9;6;9;8;1;7;8;6;21;4;5;4;4;2;20;14;57;21;
Ba0015;A.Br.011/009;Italy;13;30;7;30;45;10;16;11;11;13;14;75;64;9;8;10;8;1;7;8;6;20;4;4;4;4;4;20;14;57;21;
Ba0019;A.Br.011/009;Italy;13;30;7;30;45;10;16;11;11;13;13;75;65;9;8;9;8;1;7;8;6;19;4;4;4;4;4;20;14;57;21;
Ba0022;A.Br.011/009;Italy;13;30;7;30;45;10;16;11;11;13;13;72;64;9;8;9;8;1;7;8;6;5;4;4;4;4;4;20;14;57;21;
Ba0025;A.Br.011/009;Italy;13;30;7;30;44;10;16;11;9;13;14;75;65;9;8;9;8;1;7;8;6;20;4;5;4;4;4;20;14;57;21;
Ba0028;A.Br.011/009;Italy;13;30;7;30;23;10;16;11;11;13;14;75;64;9;8;8;8;1;8;8;6;20;4;5;4;4;4;20;14;57;21;
Ba0029;A.Br.011/009;Italy;13;30;7;30;45;10;16;11;10;13;14;72;65;9;8;9;8;1;7;9;6;20;4;5;4;4;4;20;14;57;21;
Ba0030;A.Br.011/009;Italy;13;30;7;30;45;10;16;11;11;13;14;75;65;9;8;9;8;1;7;8;6;20;4;5;4;4;4;20;14;57;21;
Ba0031;A.Br.011/009;Italy;13;30;7;30;46;10;16;11;11;13;13;75;64;9;8;9;8;1;7;8;6;20;5;4;4;4;4;20;14;57;21;
Ba0032;A.Br.011/009;Italy;13;30;7;30;45;10;16;11;10;13;13;75;64;9;8;9;8;1;7;8;6;20;5;4;4;4;4;20;14;57;21;
Ba0034;A.Br.011/009;Italy;13;30;5;30;45;10;16;11;11;13;13;75;49;9;8;9;8;1;7;8;6;20;5;4;4;4;4;20;14;57;21;
Ba0036;A.Br.011/009;Italy;13;30;7;30;24;10;16;11;11;13;14;75;64;9;8;9;8;1;8;8;6;21;5;5;4;4;4;20;14;57;21;
Ba0037;A.Br.011/009;Italy;13;30;5;30;45;10;16;11;11;13;13;75;64;9;8;9;8;1;7;8;6;20;4;4;4;4;4;20;14;57;21;
Ba0040;A.Br.011/009;Italy;13;30;7;30;45;10;16;11;11;13;13;75;64;9;8;9;8;1;7;8;6;20;5;4;4;4;4;20;14;57;21;
Ba0041;A.Br.011/009;Italy;13;30;5;30;45;10;16;11;11;13;13;75;64;9;8;9;8;1;7;8;6;20;6;4;4;4;4;20;14;57;21;
Ba0042;A.Br.011/009;Italy;13;30;7;30;45;10;16;11;11;13;14;75;64;9;8;8;8;1;8;8;6;20;4;5;4;4;4;20;13;57;21;
Ba0045;A.Br.011/009;Italy;13;30;5;30;45;10;16;11;11;13;14;75;55;9;8;9;8;1;7;8;6;19;4;5;4;4;4;20;14;57;21;
Ba0048;A.Br.011/009;Italy;13;30;7;30;45;10;16;10;11;13;14;69;64;9;8;9;8;1;8;8;6;20;4;4;4;4;4;20;14;57;21;
Ba0050;A.Br.005/006;Italy;11;30;6;31;43;10;16;10;5;11;13;13;75;15;11;6;9;8;2;7;8;6;21;4;5;3;4;5;20;15;57;21
Ba0051;A.Br.011/009;Italy;13;30;3;30;45;10;16;11;11;13;14;75;65;9;8;9;8;1;8;8;6;20;4;5;4;4;4;20;14;57;21;
Ba0052;A.Br.011/009;Italy;13;30;7;30;24;10;16;11;11;13;14;78;64;9;8;9;8;1;8;8;6;20;5;5;4;4;4;20;14;57;21;
Ba0053;A.Br.011/009;Italy;13;30;7;30;45;10;16;11;11;13;14;75;65;9;8;9;8;1;7;7;6;20;4;5;4;4;4;20;14;57;21;
Ba0058;A.Br.011/009;Italy;13;30;7;30;24;10;16;11;11;13;14;75;64;9;8;9;8;1;7;8;6;21;5;5;4;4;4;20;14;57;21;
Ba0059;A.Br.011/009;Italy;13;30;7;30;27;10;16;11;11;13;13;75;64;9;8;9;8;1;7;8;6;20;4;4;4;4;4;20;14;57;21;
Ba0061;A.Br.011/009;Italy;13;30;7;30;24;10;16;11;11;13;13;75;64;9;8;9;8;1;8;8;6;21;5;5;4;4;4;20;14;57;21;
Ba0062;A.Br.011/009;Italy;13;30;7;30;23;10;16;5;11;13;13;75;64;9;8;8;8;1;8;8;6;20;4;5;4;4;4;20;14;57;21;
Ba0068;A.Br.011/009;Italy;13;30;7;21;27;10;16;11;11;13;14;75;65;9;8;9;8;1;7;8;6;20;4;5;3;4;4;20;14;57;21;
Ba0123;A.Br.011/009;Italy;13;30;5;30;45;10;16;11;11;13;14;75;64;9;8;9;8;1;8;8;8;20;4;5;4;4;4;20;14;57;21;
Ba0124;A.Br.011/009;Italy;13;30;7;30;45;10;16;11;11;13;14;75;64;9;8;9;8;1;8;8;8;20;4;5;4;4;4;20;14;57;21;
Ba0133;A.Br.008/011;Italy;13;30;7;30;43;10;16;11;10;13;14;75;64;9;6;9;8;1;7;8;6;20;4;5;4;5;2;20;14;57;21;
Ba0145;A.Br.011/009;Italy;13;30;7;28;45;10;14;11;11;13;14;75;64;9;8;9;8;1;8;8;6;20;4;5;4;4;4;20;14;57;21;
Ba0152;A.Br.008/011;Italy;13;30;7;30;45;10;16;11;11;13;14;75;64;9;8;9;8;1;10;8;6;20;4;5;4;4;4;20;14;57;21;
Ba0176;A.Br.008/011;Italy;13;30;7;30;45;10;16;11;10;13;14;75;64;9;6;9;8;1;6;8;6;20;4;5;4;4;2;20;14;57;21;
Ba0182;A.Br.011/009;Italy;13;30;7;30;45;10;16;11;11;13;14;75;55;9;8;9;8;1;7;8;6;20;4;5;4;4;4;20;14;57;21;
Ba0183;A.Br.011/009;Italy;13;30;7;30;41;10;16;11;11;13;14;75;64;9;6;8;8;1;7;8;6;20;5;5;4;4;4;20;14;57;21;
Ba0185;A.Br.011/009;Italy;13;30;7;28;45;10;16;11;11;13;14;75;64;9;8;9;8;1;8;8;6;20;4;5;4;4;4;20;14;57;21;
Ba0187;B.Br.CNEVA;Italy;14;27;6;19;42;10;15;10;11;13;14;17;81;11;8;6;6;2;8;7;5;22;3;5;3;5;3;15;14;53;17;
Ba0288;A.Br.011/009;Italy;13;30;7;30;45;10;14;11;11;13;14;75;64;9;8;7;8;1;7;8;6;20;4;5;4;4;4;20;14;57;17;
Ba0314;A.Br.011/009;Italy;13;30;7;30;45;10;16;11;11;13;13;75;64;9;8;9;8;1;7;8;6;20;4;4;4;4;4;20;14;57;21;
Ba0426;A.Br.011/009;Italy;13;30;7;30;45;10;16;11;11;13;13;75;64;9;8;9;8;1;7;9;6;20;4;4;4;4;4;20;15;57;21;
Ba0440;A.Br.011/009;Italy;13;30;7;30;45;10;16;11;11;13;14;66;64;9;8;9;8;1;8;8;6;20;4;5;4;4;4;20;14;57;21;
Ba0660;A.Br.011/009;Italy;13;30;7;30;45;10;16;11;11;13;14;75;64;9;8;9;8;1;7;8;6;20;4;5;4;4;4;20;14;57;21;
Ba0662;A.Br.008/011;Italy;13;30;7;30;45;10;16;11;10;13;14;75;64;9;6;9;8;1;7;8;6;20;4;5;4;4;2;20;14;57;21;
Ba0718;A.Br.011/009;Italy;13;30;7;30;45;10;16;10;11;13;14;72;65;9;8;9;8;1;7;8;6;20;4;5;4;4;4;20;14;57;21;
Ba0720;A.Br.011/009;Italy;13;30;7;30;38;10;16;11;11;13;13;75;65;9;8;9;8;1;7;9;6;20;4;5;4;4;4;20;14;57;21;
Ba0721;A.Br.011/009;Italy;13;30;7;30;38;10;16;11;11;13;14;75;65;9;8;9;8;1;7;9;6;20;4;5;4;4;4;20;14;57;21;
Ba0725;A.Br.011/009;Italy;13;30;7;30;45;10;16;11;11;13;14;75;65;9;8;9;8;1;7;8;6;20;4;5;3;4;4;20;14;57;21;
Ba0732;A.Br.008/011;Italy;13;30;7;30;43;10;16;11;10;13;14;75;64;9;6;9;8;1;6;8;7;20;4;5;4;4;2;20;14;57;21;
BA1015;A.Br.003/004;USA;12;18;7;30;45;10;16;11;11;13;14;57;57;9;8;9;8;2;9;10;6;20;4;4;4;4;4;20;15;57;17;
BA1035;B.Br.Kruger;SouthAfrica;11;27;6;28;45;10;13;10;11;13;13;6;64;1;8;6;6;2;7;10;5;24;3;5;3;3;3;23;15;53;17;
BA2968;B.Br.001/002;Finland;14;18;7;5;24;10;15;10;11;13;14;17;90;1;8;6;6;2;7;7;5;22;3;5;3;5;3;23;16;53;17;
Ba4599;A.Br.008/011;Scotland;13;27;5;30;45;10;16;11;11;12;14;63;64;9;8;9;8;2;10;7;6;20;4;5;4;4;4;20;14;57;21;
BaML_1;A.Br.008/009;Hungary;13;28;7;29;45;10;16;11;11;13;14;63;64;9;8;9;8;1;NA;NA;6;NA;NA;5;4;4;3;16;14;57;21;
BaML_10;A.Br.008/009;Hungary;13;30;7;30;45;10;14;9;11;13;14;72;64;9;8;9;8;1;NA;NA;6;NA;NA;5;4;4;4;20;14;57;6;
BaML_16;A.Br.008/009;Hungary;13;30;7;31;45;10;16;11;11;13;11;72;64;9;8;9;8;1;8;7;6;20;4;5;4;4;3;20;14;57;21;
BaML_36;B.Br.CNEVA;Hungary;14;21;6;8;42;10;15;10;11;13;14;17;84;13;8;6;6;2;NA;6;5;23;3;5;4;5;3;19;14;53;17;
BaML_39;A.Br.008/009;Hungary;13;30;7;30;45;10;14;9;11;13;14;75;64;9;8;9;8;1;10;8;6;20;4;5;4;4;5;20;14;57;21;
BaML_4;A.Br.008/009;Hungary;12;30;7;30;45;10;16;11;11;13;14;72;64;9;8;9;8;1;7;7;6;20;4;5;4;4;2;20;14;57;21;
BaML_49;A.Br.008/009;Hungary;13;30;7;30;45;10;14;9;11;13;14;72;64;7;8;9;8;1;10;8;6;20;4;5;4;4;5;20;14;57;21;
BaML_52;A.Br.008/009;Hungary;13;30;7;30;45;10;14;9;11;13;14;75;64;9;8;9;8;1;10;8;6;20;4;5;4;4;6;20;14;57;21;
BaML_61;A.Br.008/009;Hungary;13;30;7;30;45;10;14;9;10;13;14;75;64;9;8;9;8;1;10;9;7;20;4;5;4;4;4;20;14;57;6;
BaML_7;A.Br.008/009;Hungary;13;30;7;30;45;10;14;9;11;13;14;75;64;9;8;9;8;1;10;8;6;20;4;5;4;4;5;20;14;57;21;
BaML_9;B.Br.CNEVA;Hungary;14;21;6;8;42;10;15;10;11;13;14;17;84;13;8;6;6;2;NA;NA;5;NA;NA;5;4;5;3;19;14;53;17;
BF1;B.Br.CNEVA;Germany;15;27;6;27;42;10;15;10;11;13;14;17;84;13;8;6;6;2;9;6;5;22;3;5;3;5;3;19;13;53;17;
BFV;A.Br.001/002;Jamaica;13;25;7;35;45;10;16;11;11;13;14;51;50;9;8;9;8;2;9;7;6;4;4;4;3;5;3;20;14;53;17;
BL1;B.Br.CNEVA;Poland;14;27;6;27;42;10;15;10;11;13;14;17;85;13;8;6;6;2;9;6;5;22;3;5;2;5;3;19;12;53;17;
Canadian_bison;A.Br.WNA;Canada;13;27;7;30;41;10;16;11;11;13;14;81;64;9;12;9;8;1;8;6;6;21;4;5;4;4;3;20;14;57;21;
Carbosap;A.Br.011/009;France;13;30;6;30;45;10;16;11;11;13;14;75;64;9;8;9;8;1;8;8;6;20;4;5;4;4;4;20;14;57;21;
CDC684;A.Br.Vollum;USA;16;30;6;20;44;10;14;11;11;13;14;71;64;9;6;9;8;2;10;8;6;19;12;5;4;4;4;20;13;48;21;
CDC78;NA;Namibia;16;28;7;76;46;10;16;11;11;13;14;51;65;11;8;9;8;2;9;9;6;20;3;4;3;5;4;20;14;53;17;
CNEVA_9066;B.Br.CNEVA;France;14;27;6;27;42;10;15;10;11;13;14;17;84;13;8;6;6;2;9;6;5;23;3;5;3;5;3;19;14;53;17;
Cvac02;A.Br.008/011;China;16;18;7;30;24;10;14;9;8;13;14;60;40;7;6;9;8;1;1;1;6;NA;NA;5;4;5;4;20;14;53;17;
CZC5;A.Br.005/006;Zambia;13;30;6;33;43;10;16;10;11;13;14;75;64;7;6;9;8;2;6;8;6;21;4;5;4;4;3;20;14;57;21;
deltaStrene;A.Br.001/002;USA;16;28;7;76;45;10;16;11;11;13;14;51;65;11;8;9;8;2;1;1;6;1;1;4;3;5;4;20;14;53;17;
FDAARGOS_341;A.Br.001/002;USA;16;26;7;76;45;10;16;11;11;13;14;51;65;11;8;9;8;2;9;NA;6;NA;NA;4;3;5;4;20;14;53;17;
FDAARGOS_694;NA;USA;16;26;5;61;24;10;16;11;11;13;14;57;64;11;8;9;8;2;NA;NA;6;NA;NA;4;4;5;4;20;13;53;17;
FDAARGOS_695;NA;USA;16;26;5;70;24;10;16;11;11;13;14;57;64;11;8;9;8;2;NA;NA;6;NA;NA;4;4;5;4;20;13;53;17;
FDAARGOS_698;NA;USA;14;26;5;70;24;10;16;11;11;13;14;57;64;11;8;9;8;2;NA;NA;6;NA;NA;4;4;5;4;20;13;53;17;
H9401;A.Br.005/006;Korea;13;30;7;28;45;10;16;11;11;13;11;46;56;9;8;9;8;2;7;8;5;21;5;6;4;4;4;20;14;57;17;
Han;A.Br.001/002;China;10;18;8;32;24;8;12;11;9;13;14;54;59;4;6;7;8;2;1;1;6;1;1;4;4;5;4;20;14;53;17;
HYU01;B.Br.001/002;Korea;7;21;7;27;45;10;15;14;11;12;14;17;84;9;8;6;6;2;8;7;5;21;3;5;3;5;3;23;15;53;17;
IP4070;A.Br.011/009;France;13;30;7;30;42;9;13;10;9;4;14;72;64;7;8;9;8;1;7;7;6;8;4;5;4;3;4;17;14;57;19;
K0021;A.Br.011/009;Italy;13;30;7;30;45;10;16;11;11;13;13;63;64;9;8;9;8;1;7;7;6;20;4;4;4;4;4;20;14;57;21;
K1129;A.Br.Vollum;Pakistan;13;30;7;23;45;10;16;11;11;13;14;71;64;9;8;9;8;2;10;9;6;20;12;5;4;4;4;20;14;48;21;
K1285;A.Br.002/003;Namibia;8;30;3;45;44;10;16;11;11;13;14;57;56;8;8;9;8;2;10;9;6;20;3;4;4;4;4;20;14;57;17;
K2129;A.Br.008/011;China;13;30;7;30;45;10;16;11;11;13;14;66;64;9;8;7;8;1;10;7;6;20;4;5;4;3;4;20;14;57;21;
K2883;A.Br.002/003;India;13;30;7;32;45;9;16;11;11;13;14;50;64;9;8;9;8;2;8;11;6;20;3;4;4;4;5;20;14;57;17;
K3;A.Br.005/006;SouthAfrica;10;18;6;33;43;12;15;10;11;13;14;69;64;9;2;9;8;2;6;6;6;21;4;5;4;4;6;20;14;57;17;
K3974;A.Br.008/011;Slovakia;13;24;7;30;45;10;14;9;11;13;14;75;63;9;8;9;8;1;9;6;6;20;4;5;4;4;5;20;14;57;21;
K8215;A.Br.003/004;Argentina;12;30;6;30;24;10;16;11;9;13;14;57;57;9;8;9;8;2;9;9;6;20;4;4;4;4;4;20;14;57;17;
Kanchipuram;A.Br.Aust94;India;16;26;5;70;24;10;16;11;11;13;14;57;64;11;8;9;8;2;7;9;6;20;4;4;4;5;4;20;13;53;17;
KrugerB;B.Br.Kruger;SouthAfrica;11;27;6;28;45;10;13;10;11;13;13;6;65;1;8;6;6;2;6;9;5;1;3;5;3;3;3;23;15;53;17;
KZ_1;A.Br.008/011;Kazakhstan;12;30;7;30;45;10;16;11;11;13;14;72;64;9;8;9;8;1;12;7;6;20;4;5;4;4;4;20;14;57;21;
KZ_100;A.Br.008/011;Kazakhstan;13;30;7;30;45;10;16;11;11;13;14;75;64;9;8;9;8;1;9;7;6;20;5;5;4;4;4;20;14;57;21;
KZ_107;A.Br.Ames;Kazakhstan;16;26;7;70;24;10;16;11;11;13;14;57;64;11;8;9;8;2;7;9;6;20;4;4;4;5;4;20;14;53;17;
KZ_11;A.Br.Vollum;Kazakhstan;13;30;6;20;46;10;16;11;11;13;14;68;64;9;8;9;8;2;8;7;6;20;12;5;4;4;4;20;14;48;21;
KZ_124;A.Br.008/011;Kazakhstan;13;30;7;30;45;10;16;11;11;12;14;75;64;9;2;9;8;1;9;7;6;20;5;5;4;4;4;20;14;57;21;
KZ_125;A.Br.008/011;Kazakhstan;13;30;7;30;45;10;16;11;11;12;14;75;64;9;2;8;8;1;9;7;6;20;5;5;4;4;4;20;14;57;21;
KZ_13;A.Br.008/011;Kazakhstan;13;30;7;30;38;10;14;11;11;13;14;75;64;9;8;9;8;2;10;7;6;20;4;5;4;4;5;20;14;57;21;
KZ_132;A.Br.008/011;Kazakhstan;13;24;7;30;45;10;16;11;11;13;14;75;64;9;8;9;8;1;10;7;6;20;4;5;3;4;4;20;14;57;21;
KZ_150;A.Br.001/002;Kazakhstan;16;28;7;73;45;10;16;11;11;13;14;57;25;11;8;9;8;2;9;10;6;20;4;4;4;5;4;20;14;53;17;
KZ_151;A.Br.001/002;Kazakhstan;16;28;7;73;45;10;16;11;11;13;14;57;25;11;8;9;8;2;9;9;6;20;4;4;4;5;4;20;14;53;17;
KZ_25;A.Br.008/011;Kazakhstan;13;30;7;30;45;10;16;11;11;13;14;79;64;9;8;9;8;1;8;7;6;20;4;5;4;4;4;20;14;57;21;
KZ_3;A.Br.008/011;Kazakhstan;13;24;7;30;45;10;16;11;11;13;14;75;64;9;8;9;8;1;9;7;6;20;5;5;4;4;4;20;14;57;21;
KZ_40;A.Br.008/011;Kazakhstan;13;30;7;30;45;10;16;11;11;13;14;79;64;9;8;9;8;1;9;7;6;20;4;5;4;4;4;20;14;57;21;
KZ_42;A.Br.Ames;Kyrgyzstan;16;26;7;73;41;10;16;11;11;13;14;57;64;11;8;9;8;1;9;9;6;20;4;4;4;5;4;20;14;53;17;
KZ_47;A.Br.008/011;Kazakhstan;13;30;7;30;45;10;14;9;11;13;14;75;64;9;8;9;8;1;10;7;6;20;4;5;4;4;4;20;14;57;21;
KZ_5;A.Br.008/011;Kazakhstan;13;30;7;30;45;10;16;11;11;13;14;72;64;9;8;9;8;1;10;7;6;20;4;5;4;4;4;20;14;57;21;
KZ_51;A.Br.008/011;Kazakhstan;13;30;7;30;45;10;16;11;11;13;14;72;64;9;8;9;8;1;10;8;6;20;4;5;4;4;4;20;14;57;21;
KZ_52;A.Br.008/011;Kazakhstan;13;30;7;30;45;10;16;11;11;13;14;75;64;9;8;9;8;1;9;8;6;20;4;5;4;4;4;20;14;57;21;
KZ_54;A.Br.008/011;Kazakhstan;13;30;7;30;45;10;14;11;11;13;14;75;64;9;8;9;8;2;10;7;6;20;4;5;4;4;5;20;14;57;21;
KZ_55;A.Br.008/011;Kazakhstan;13;24;7;30;45;10;16;11;11;13;14;75;64;9;8;9;8;1;8;7;6;20;4;5;4;4;4;20;14;57;21;
KZ_59;A.Br.008/011;Kazakhstan;13;30;7;30;45;10;14;11;11;13;14;72;64;9;8;9;8;2;10;7;6;20;4;5;4;4;5;20;14;57;21;
KZ_61;A.Br.008/011;Kazakhstan;12;30;7;30;45;10;16;11;11;13;14;69;64;9;8;9;8;1;11;7;6;20;4;5;4;4;4;20;14;57;21;
KZ_62;A.Br.008/011;Kazakhstan;13;30;7;30;45;10;16;11;11;13;14;75;64;9;8;9;8;1;10;7;6;20;4;5;4;4;4;20;14;57;21;
KZ_65;A.Br.008/011;Kazakhstan;13;24;7;30;45;10;16;12;11;13;14;75;64;9;8;9;8;1;9;NA;6;NA;NA;5;4;4;4;20;14;57;21;
KZ_68;A.Br.Ames;Kazakhstan;16;26;7;73;45;10;16;11;11;13;14;57;64;11;8;9;8;2;8;8;6;20;4;4;4;5;4;20;14;53;17;
KZ_71;A.Br.008/011;Kazakhstan;12;30;7;30;45;10;16;11;11;13;14;72;64;9;8;9;8;1;12;7;6;20;4;5;3;4;4;20;14;57;21;
KZ_74;A.Br.008/011;Kazakhstan;13;29;7;30;45;10;16;11;11;13;14;69;64;9;8;9;8;1;8;7;6;20;4;5;4;4;3;20;14;57;21;
KZ_78;A.Br.008/011;Kazakhstan;13;30;6;27;46;10;16;11;11;13;14;75;64;9;8;9;8;1;10;7;6;20;4;5;4;4;4;20;14;57;21;
KZ_79;A.Br.008/011;Kazakhstan;13;30;7;30;45;10;16;11;11;13;14;75;64;9;8;9;8;1;8;7;6;20;5;5;4;4;4;20;14;57;21;
KZ_8;A.Br.008/011;Kazakhstan;13;30;7;30;45;10;16;11;11;13;14;63;64;9;8;9;8;1;10;8;6;20;4;5;4;4;4;20;14;57;21;
KZ_91;A.Br.008/011;Kazakhstan;13;30;7;30;45;10;14;9;11;13;14;75;64;9;8;9;8;1;5;7;6;20;4;5;4;4;4;20;14;57;21;
KZ_94;A.Br.008/011;Kazakhstan;12;30;7;30;45;10;16;11;8;13;14;69;64;9;8;9;8;1;11;7;6;20;4;5;4;4;4;20;14;57;21;
KZ_95;A.Br.008/011;Kazakhstan;13;30;7;30;45;10;16;11;11;13;13;75;64;9;8;9;8;1;10;7;6;20;4;5;4;4;4;20;14;57;21;
Larissa;A.Br.008/011;Greece;13;18;7;30;44;9;13;10;9;4;14;74;64;7;13;9;8;1;10;6;6;8;4;5;4;3;4;20;14;37;19;
London_499;A.Br.011/009;UK;10;21;7;30;45;10;16;11;11;13;13;49;64;9;8;9;8;1;7;7;6;20;5;5;4;4;4;20;14;57;21;
OhioACB;A.Br.Aust94;USA;16;27;7;57;45;10;16;9;11;13;14;57;64;9;8;9;8;2;8;9;6;20;3;4;4;4;3;20;13;57;17;
PAK_1;A.Br.008/011;Pakistan;13;24;7;27;45;10;16;11;7;12;14;66;64;9;8;9;8;2;10;1;6;1;1;5;4;4;4;16;14;49;21;
Parent1;A.Br.001/002;USA;16;28;7;76;45;10;16;11;11;13;14;51;65;11;8;9;8;2;NA;NA;6;NA;NA;4;3;5;4;20;14;53;17;
Pasteur;A.Br.008/011;UK;13;30;7;17;45;10;16;11;12;13;14;75;64;9;8;9;8;1;1;7;6;20;4;5;4;4;4;20;14;57;21;
Pollino;A.Br.011/009;Italy;16;26;5;50;24;10;16;11;11;13;14;57;64;11;8;9;8;2;7;9;6;20;4;4;4;5;4;20;13;53;17;
RA3;B.Br.CNEVA;France;14;24;6;27;42;10;15;10;11;13;14;17;84;9;8;8;6;2;9;7;5;23;3;5;3;6;3;19;14;53;17;
Shikan-NIID;A.Br.Ames;Japan;16;26;7;67;24;10;16;11;11;13;14;57;64;11;3;9;8;2;9;7;6;20;4;4;4;5;4;20;14;53;17;
SK_102;A.Br.Vollum;USA;16;30;6;20;43;10;16;11;11;13;14;71;64;9;8;9;8;2;10;8;6;20;12;5;4;4;4;20;14;48;17;
Smith1013;A.Br.008/011;unknown;13;18;7;17;24;10;15;11;9;13;14;73;64;9;8;8;8;1;NA;7;6;4;4;5;4;4;4;20;14;57;21;
SPV842_15;A.Br.001/002;Brazil;16;28;7;76;45;10;16;11;11;13;14;51;65;11;8;9;8;2;9;1;6;1;1;4;3;5;4;20;14;53;17;
Stamatin_2017Beyer_019;B.Br.CNEVA;unknown;14;27;6;27;42;10;15;10;11;13;14;16;85;13;8;6;6;2;9;7;5;22;3;5;3;5;3;19;14;53;17;
Stendal;A.Br.001/002;Germany;16;26;5;70;24;10;16;11;11;13;14;57;64;11;8;9;8;2;7;9;6;20;4;4;4;5;4;20;13;53;17;
Sterne;A.Br.001/002;SouthAfrica;13;25;7;35;45;10;15;11;9;13;14;48;65;7;8;9;8;2;9;1;6;1;1;4;3;5;4;20;14;53;17;
Sterne_34F2;A.Br.001/002;vaccine;16;28;7;76;45;10;16;11;11;13;14;51;65;11;8;9;8;2;9;NA;6;NA;NA;4;3;5;4;20;14;53;17;
SterneBCU;A.Br.001/002;USA;13;25;7;35;45;10;15;11;9;13;14;48;65;7;8;9;8;2;9;NA;6;NA;NA;4;3;5;4;20;14;53;17;
STI_1;A.Br.008/009;Russia;13;18;7;76;30;45;10;15;11;9;13;14;64;7;8;9;8;1;9;1;6;20;4;5;4;4;4;20;14;57;21;
SVA11;B.Br.001/002;Sweden;11;27;4;28;45;10;13;11;11;13;13;6;64;1;8;6;6;2;7;8;5;24;3;5;3;3;3;23;14;53;17;
Tangail_1;A.Br.001/002;Bangladesh;16;22;5;70;24;10;14;11;11;13;14;57;64;11;8;9;8;2;7;9;6;20;4;4;4;5;4;20;13;53;17;
Tsiankovskii_1;A.Br.008/011;Russia;13;30;6;99;30;45;10;14;9;10;13;14;64;9;8;9;8;1;10;8;6;20;4;5;4;5;4;20;14;57;17;
Turkey32;A.Br.008/011;Turkey;13;18;7;30;24;10;15;11;11;12;14;57;64;9;8;7;8;2;13;7;6;20;4;5;4;4;4;20;14;57;21;
Tyrol4675;B.Br.CNEVA;Austria;14;28;4;59;18;10;15;10;11;13;14;53;64;9;8;9;6;2;6;6;5;22;3;5;4;5;3;20;14;53;17;
UR_1;A.Br.008/011;Germany;13;30;7;30;46;9;13;10;9;3;14;74;64;7;8;9;8;2;9;7;7;8;4;5;4;3;4;17;14;56;19;
V770_NP_1R;A.Br.003/004;USA;12;30;7;73;45;10;16;11;11;13;14;54;57;9;6;9;8;2;9;1;6;1;1;4;4;4;4;20;14;57;17;
Vollum;A.Br.Vollum;USA;13;30;7;20;44;10;15;11;11;13;14;68;64;7;6;9;8;2;10;8;6;20;12;5;2;4;2;20;13;48;21;
Vollum1B;A.Br.Vollum;USA;13;30;7;20;44;10;15;11;11;13;14;71;64;9;6;9;8;2;10;8;6;20;12;5;2;4;2;20;13;48;21;
WesternNA_USA6153;A.Br.WNA;USA;13;30;7;30;49;10;16;11;10;13;14;75;64;9;12;9;8;2;8;7;6;NA;4;5;4;4;4;20;14;57;21;
Zimbabwe89;B.Br.001/002;Zimbabwe;11;18;6;28;45;10;13;10;11;13;13;6;64;1;8;6;6;2;8;8;5;24;3;5;3;3;3;23;15;53;17;
